{"transform_parameters": [1.4372263772656602, 0.18060631270722494, -0.04523011581660383, -0.16002875685226164, 1.3882562508207221, 0.4707432024639207, 0.10191967385984288, -0.28354176294333977, 1.412384260843851, 13.142145659180052, 62.21818155573298, 83.15966600936764], "center_of_rotation": [399, 327.5, 173]}